{
    "identityPoolName": "app4f82eba7_identitypool_4f82eba7",
    "allowUnauthenticatedIdentities": false,
    "resourceNameTruncated": "app4f82eba7",
    "userPoolName": "app4f82eba7_userpool_4f82eba7",
    "autoVerifiedAttributes": [
        "email"
    ],
    "mfaConfiguration": "OFF",
    "mfaTypes": [
        "SMS Text Message"
    ],
    "smsAuthenticationMessage": "Your authentication code is {####}",
    "smsVerificationMessage": "Your verification code is {####}",
    "emailVerificationSubject": "Your verification code",
    "emailVerificationMessage": "Your verification code is {####}",
    "defaultPasswordPolicy": false,
    "passwordPolicyMinLength": 8,
    "passwordPolicyCharacters": [],
    "requiredAttributes": [
        "email",
        "family_name",
        "given_name"
    ],
    "userpoolClientGenerateSecret": true,
    "userpoolClientRefreshTokenValidity": 30,
    "userpoolClientWriteAttributes": [
        "email"
    ],
    "userpoolClientReadAttributes": [
        "email"
    ],
    "userpoolClientLambdaRole": "app4f84f82eba7_userpoolclient_lambda_role",
    "userpoolClientSetAttributes": false,
    "resourceName": "app4f82eba7",
    "authSelections": "identityPoolAndUserPool",
    "authRoleArn": {
        "Fn::GetAtt": [
            "AuthRole",
            "Arn"
        ]
    },
    "unauthRoleArn": {
        "Fn::GetAtt": [
            "UnauthRole",
            "Arn"
        ]
    },
    "useDefault": "defaultSocial",
    "hostedUI": true,
    "usernameAttributes": [
        "email"
    ],
    "triggers": "{}",
    "hostedUIDomainName": "zeptron",
    "authProvidersUserPool": [
        "Facebook",
        "Google"
    ],
    "hostedUIProviderMeta": "[{\"ProviderName\":\"Facebook\",\"authorize_scopes\":\"email,public_profile\",\"AttributeMapping\":{\"email\":\"email\",\"family_name\":\"last_name\",\"given_name\":\"given_name\",\"username\":\"id\"}},{\"ProviderName\":\"Google\",\"authorize_scopes\":\"openid email profile\",\"AttributeMapping\":{\"email\":\"email\",\"family_name\":\"family_name\",\"given_name\":\"given_name\",\"username\":\"sub\"}}]",
    "oAuthMetadata": "{\"AllowedOAuthFlows\":[\"code\"],\"AllowedOAuthScopes\":[\"phone\",\"email\",\"openid\",\"profile\",\"aws.cognito.signin.user.admin\"],\"CallbackURLs\":[\"https://www.zeptron.co/\"],\"LogoutURLs\":[\"https://www.zeptron.co/\"]}",
    "userPoolGroupList": [],
    "parentStack": {
        "Ref": "AWS::StackId"
    },
    "permissions": [],
    "dependsOn": []
}