{
	"providers": {
		"awscloudformation": {
			"AuthRoleName": "amplify-app-master-234727-authRole",
			"UnauthRoleArn": "arn:aws:iam::047384901313:role/amplify-app-master-234727-unauthRole",
			"AuthRoleArn": "arn:aws:iam::047384901313:role/amplify-app-master-234727-authRole",
			"Region": "ap-southeast-2",
			"DeploymentBucketName": "amplify-app-master-234727-deployment",
			"UnauthRoleName": "amplify-app-master-234727-unauthRole",
			"StackName": "amplify-app-master-234727",
			"StackId": "arn:aws:cloudformation:ap-southeast-2:047384901313:stack/amplify-app-master-234727/c0611ae0-b3c5-11ea-a989-0abb0b30af12",
			"AmplifyAppId": "d1pnjarpgwe6bz"
		},
		"categories": {
			"auth": {
				"app4f82eba7": {
					"hostedUIProviderCreds": "[{\"ProviderName\":\"Facebook\",\"client_id\":\"1892101827586690\",\"client_secret\":\"5c5d4d64d56ac498af6ca0dc87b3cc50\"},{\"ProviderName\":\"Google\",\"client_id\":\"515782544100-b8fmh9ecauodgno13uf8dkdc2nubj9d9.apps.googleusercontent.com\",\"client_secret\":\"Ov3AZGRwwq8aDwP5mtQ_yu1_\"}]"
				}
			}
		}
	},
	"auth": {
		"app4f82eba7": {
			"service": "Cognito",
			"providerPlugin": "awscloudformation",
			"dependsOn": [],
			"output": {
				"AppClientSecret": "f5phofgfh1ouna7jo9irtereqprqc5i16bkh6o229qr77i4gmbb",
				"UserPoolId": "ap-southeast-2_8h7nSR2S1",
				"AppClientIDWeb": "3vkvlra0spoj7ouns4va2ar1e7",
				"AppClientID": "45l7lkf3c8irv14mmrlfftuai7",
				"HostedUIDomain": "zeptron-master",
				"IdentityPoolId": "ap-southeast-2:54339bdf-5a41-4e9d-9366-628f6b5fae3d",
				"IdentityPoolName": "app4f82eba7_identitypool_4f82eba7__master",
				"OAuthMetadata": "{\"AllowedOAuthFlows\":[\"code\"],\"AllowedOAuthScopes\":[\"phone\",\"email\",\"openid\",\"profile\",\"aws.cognito.signin.user.admin\"],\"CallbackURLs\":[\"https://www.zeptron.co/\"],\"LogoutURLs\":[\"https://www.zeptron.co/\"]}",
				"UserPoolName": "app4f82eba7_userpool_4f82eba7"
			},
			"lastPushTimeStamp": "2020-06-26T07:24:01.120Z",
			"providerMetadata": {
				"s3TemplateURL": "https://s3.amazonaws.com/amplify-app-master-234727-deployment/amplify-cfn-templates/auth/app4f82eba7-cloudformation-template.yml",
				"logicalId": "authapp4f82eba7"
			}
		}
	},
	"api": {
		"app": {
			"service": "AppSync",
			"providerPlugin": "awscloudformation",
			"output": {
				"authConfig": {
					"additionalAuthenticationProviders": [],
					"defaultAuthentication": {
						"authenticationType": "API_KEY",
						"apiKeyConfig": {
							"description": "zeptron",
							"apiKeyExpirationDays": "365"
						}
					}
				},
				"GraphQLAPIIdOutput": "frxfc34v75fszingrsjoaiea5y",
				"GraphQLAPIEndpointOutput": "https://4sdmpybta5gjvhc5hrwzshxnwq.appsync-api.ap-southeast-2.amazonaws.com/graphql",
				"GraphQLAPIKeyOutput": "da2-3tz43d6skjhyvhh7o3oujm7nsq"
			},
			"lastPushTimeStamp": "2020-06-26T07:24:02.442Z",
			"providerMetadata": {
				"s3TemplateURL": "https://s3.amazonaws.com/amplify-app-master-234727-deployment/amplify-cfn-templates/api/cloudformation-template.json",
				"logicalId": "apiapp"
			},
			"lastPushDirHash": "0WozNqrEmGDrwbxtmjvIQSl9q0k="
		}
	}
}